Name,Address,DataType,Enabled,MinValue,MaxValue
U29_P000,40001,Float,TRUE,0,100
U29_P001,40003,Int32,TRUE,-1000000,1000000
U29_P002,40005,UInt32,TRUE,0,1000000
U29_P003,40007,Int16,TRUE,-1000,1000
U29_P004,40008,UInt16,TRUE,0,1000
U29_P005,40009,Int64,TRUE,0,1000000000
U29_P006,40013,UInt64,TRUE,0,1000000000
U29_P007,40017,Double,TRUE,0,1000
U29_P008,40021,Float,TRUE,0,100
U29_P009,30001,Int32,TRUE,-1000000,1000000
U29_P010,40023,UInt32,TRUE,0,1000000
U29_P011,40025,Int16,TRUE,-1000,1000
U29_P012,40026,UInt16,TRUE,0,1000
U29_P013,40027,Int64,TRUE,0,1000000000
U29_P014,40031,UInt64,TRUE,0,1000000000
U29_P015,40035,Double,TRUE,0,1000
U29_P016,40039,Float,TRUE,0,100
U29_P017,40041,Int32,TRUE,-1000000,1000000
U29_P018,40043,UInt32,TRUE,0,1000000
U29_P019,30003,Int16,TRUE,-1000,1000
U29_P020,40045,UInt16,TRUE,0,1000
U29_P021,40046,Int64,TRUE,0,1000000000
U29_P022,40050,UInt64,TRUE,0,1000000000
U29_P023,40054,Double,TRUE,0,1000
U29_P024,40058,Float,TRUE,0,100
U29_P025,40060,Int32,TRUE,-1000000,1000000
U29_P026,40062,UInt32,TRUE,0,1000000
U29_P027,40064,Int16,TRUE,-1000,1000
U29_P028,40065,UInt16,TRUE,0,1000
U29_P029,30004,Int64,TRUE,0,1000000000
U29_P030,40066,UInt64,TRUE,0,1000000000
U29_P031,40070,Double,TRUE,0,1000
U29_P032,40074,Float,TRUE,0,100
U29_P033,40076,Int32,TRUE,-1000000,1000000
U29_P034,40078,UInt32,TRUE,0,1000000
U29_P035,40080,Int16,TRUE,-1000,1000
U29_P036,40081,UInt16,TRUE,0,1000
U29_P037,40082,Int64,TRUE,0,1000000000
U29_P038,40086,UInt64,TRUE,0,1000000000
U29_P039,30008,Double,TRUE,0,1000
U29_P040,40090,Float,TRUE,0,100
U29_P041,40092,Int32,TRUE,-1000000,1000000
U29_P042,40094,UInt32,TRUE,0,1000000
U29_P043,40096,Int16,TRUE,-1000,1000
U29_P044,40097,UInt16,TRUE,0,1000
U29_P045,40098,Int64,TRUE,0,1000000000
U29_P046,40102,UInt64,TRUE,0,1000000000
U29_P047,40106,Double,TRUE,0,1000
U29_P048,40110,Float,TRUE,0,100
U29_P049,30012,Int32,TRUE,-1000000,1000000
U29_P050,40112,UInt32,TRUE,0,1000000
U29_P051,40114,Int16,TRUE,-1000,1000
U29_P052,40115,UInt16,TRUE,0,1000
U29_P053,40116,Int64,TRUE,0,1000000000
U29_P054,40120,UInt64,TRUE,0,1000000000
U29_P055,40124,Double,TRUE,0,1000
U29_P056,40128,Float,TRUE,0,100
U29_P057,40130,Int32,TRUE,-1000000,1000000
U29_P058,40132,UInt32,TRUE,0,1000000
U29_P059,30014,Int16,TRUE,-1000,1000
U29_P060,40134,UInt16,TRUE,0,1000
U29_P061,40135,Int64,TRUE,0,1000000000
U29_P062,40139,UInt64,TRUE,0,1000000000
U29_P063,40143,Double,TRUE,0,1000
U29_P064,40147,Float,TRUE,0,100
U29_P065,40149,Int32,TRUE,-1000000,1000000
U29_P066,40151,UInt32,TRUE,0,1000000
U29_P067,40153,Int16,TRUE,-1000,1000
U29_P068,40154,UInt16,TRUE,0,1000
U29_P069,30015,Int64,TRUE,0,1000000000
U29_P070,40155,UInt64,TRUE,0,1000000000
U29_P071,40159,Double,TRUE,0,1000
U29_P072,40163,Float,TRUE,0,100
U29_P073,40165,Int32,TRUE,-1000000,1000000
U29_P074,40167,UInt32,TRUE,0,1000000
U29_P075,40169,Int16,TRUE,-1000,1000
U29_P076,40170,UInt16,TRUE,0,1000
U29_P077,40171,Int64,TRUE,0,1000000000
U29_P078,40175,UInt64,TRUE,0,1000000000
U29_P079,30019,Double,TRUE,0,1000
U29_P080,40179,Float,TRUE,0,100
U29_P081,40181,Int32,TRUE,-1000000,1000000
U29_P082,40183,UInt32,TRUE,0,1000000
U29_P083,40185,Int16,TRUE,-1000,1000
U29_P084,40186,UInt16,TRUE,0,1000
U29_P085,40187,Int64,TRUE,0,1000000000
U29_P086,40191,UInt64,TRUE,0,1000000000
U29_P087,40195,Double,TRUE,0,1000
U29_P088,40199,Float,TRUE,0,100
U29_P089,30023,Int32,TRUE,-1000000,1000000
U29_P090,40201,UInt32,TRUE,0,1000000
U29_P091,40203,Int16,TRUE,-1000,1000
U29_P092,40204,UInt16,TRUE,0,1000
U29_P093,40205,Int64,TRUE,0,1000000000
U29_P094,40209,UInt64,TRUE,0,1000000000
U29_P095,40213,Double,TRUE,0,1000
U29_P096,40217,Float,TRUE,0,100
U29_P097,40219,Int32,TRUE,-1000000,1000000
U29_P098,40221,UInt32,TRUE,0,1000000
U29_P099,30025,Int16,TRUE,-1000,1000
U29_C01,00001,Bool,TRUE,0,1
U29_C02,00002,Bool,TRUE,0,1
U29_D01,10001,Bool,TRUE,0,1
U29_D02,10002,Bool,TRUE,0,1
